<?xml version="1.0"?>
<Runs Version="1" Minor="0">
	<Run Id="design_1_xbar_0_synth_1" LaunchDir="C:/Users/kuang/Documents/ECE532/gyro/gyro4/gyro4.runs/design_1_xbar_0_synth_1" FlowId="Vivado_Synthesis" FromStepId="vivado" ToStepId="vivado"/>
	<Run Id="design_1_pmod_gyro_l3g4200d_1_0_synth_1" LaunchDir="C:/Users/kuang/Documents/ECE532/gyro/gyro4/gyro4.runs/design_1_pmod_gyro_l3g4200d_1_0_synth_1" FlowId="Vivado_Synthesis" FromStepId="vivado" ToStepId="vivado"/>
	<Run Id="synth_1" LaunchDir="C:/Users/kuang/Documents/ECE532/gyro/gyro4/gyro4.runs/synth_1" FlowId="Vivado_Synthesis" FromStepId="vivado" ToStepId="vivado">
		<Parent Id="design_1_xbar_0_synth_1"/>
		<Parent Id="design_1_pmod_gyro_l3g4200d_1_0_synth_1"/>
	</Run>
	<Parameters>
		<Parameter Name="runs.monitorLSFJobs" Val="true" Type="bool"/>
	</Parameters>
</Runs>

